start_date,end_date,event_description,sectors_affected
2026/3/2,2026/3/31,原油市场地缘冲突与政策干预三重共振，暴涨暴跌，以3/10日为分界线，期间特朗普连续TACO，多次反转,能源，化工，油脂油料
2026/1/23,2026/2/6,美联储降息预期叠加CME调高保证金，贵金属暴涨暴跌，以1/30日为分界线,贵金属，有色
2025/12/29,2025/12/29,碳酸锂新高后多空预期极速切换，现货与期货节奏劈叉，多头平仓叠加监管因素共同触发,碳酸锂
2025/9/24,2025/10/15,全球第二大铜矿（刚果Kamoa-Kakula）发生重大事故停产，供应中断恐慌,有色（铜）
2025/8/6,2025/8/22,碳酸锂连续涨停接跌停，8/12日或8/19日可作为分界线,碳酸锂
2025/7/21,2025/7/28,焦煤五连涨停接一个跌停，“反内需”政策预期驱动暴涨→大商所紧急收紧开仓限额，多头平仓踩踏,黑色系
2025/4/3,2025/4/10,特朗普发起全球关税战，大宗商品普遍下跌,全板块
2024/9/24,2024/10/10,9.24商品与股指同步暴涨后跳水，可以10/8日为分界线,全板块
2024/8/2,2024/9/11,商品多空情绪逆转，各板块加速下跌，多个品种创年度新低。期间能化板块领跌,全板块
2024/5/17,2024/5/23,铜前期连续上涨，前期逼仓情绪（COMEX铜交割问题）→获利了结+监管降温，日内振幅极大,有色（铜）
2024/4/12,2024/4/15,贵金属日内极端冲高回落,贵金属
2024/2/19,2024/2/23,铁矿石跌近4%，同产业链品种间出现极端分化，焦煤大涨但此时暂无期权,黑色系
2024/1/4,2024/3/15,螺纹钢持续单边下跌,黑色系
2024/1/2,2024/1/4,涨停+巨幅盘中震荡+跌停，供应端（铝土矿）紧张预期→交易所干预+期现回归，资金逻辑瞬间反转,有色金属；氧化铝
2023/12/11,2023/12/13,极端超跌反弹+空头踩踏,碳酸锂
2023/9/1,2023/9/11,合成橡胶上市后连续大涨进入宽幅震荡,合成橡胶
2023/5/30,2023/6/2,能化板块沙特6月CP不及预期，海外供应超预期宽松，日内波动剧烈,能源，化工
