样本编号,品种,时间戳,语义清晰(1-5),因果逻辑合理(1-5),不含交易建议(1-5),评分人,备注
1,rb,20260317091500,,,,,
2,au,20251224104500,,,,,
3,rb,20260205093000,,,,,
4,cu,20250925224500,,,,,
5,ag,20250825234500,,,,,
6,ag,20250814223000,,,,,
7,lc,20260112093000,,,,,
8,sc,20260408003000,,,,,
9,ag,20251117100000,,,,,
10,au,20251217110000,,,,,
11,lc,20251128144500,,,,,
12,cu,20260225100000,,,,,
13,cu,20260121141500,,,,,
14,si,20251009143000,,,,,
15,rb,20260204101500,,,,,
16,sc,20260212104500,,,,,
17,si,20250702091500,,,,,
18,lc,20260212143000,,,,,
19,sc,20251022220000,,,,,
20,sc,20260401004500,,,,,
21,sc,20250707111500,,,,,
22,lc,20260407110000,,,,,
23,au,20260305141500,,,,,
24,lc,20251226093000,,,,,
25,ag,20260108014500,,,,,
26,rb,20251126113000,,,,,
27,sc,20260327021500,,,,,
28,rb,20260320224500,,,,,
29,cu,20250724003000,,,,,
30,lc,20260119094500,,,,,
