tag,steps,eps,train_reward,loss,val_reward,val_precision,val_recall,val_lead,val_alert_rate,sec
e0.0,21783,0.8424,-5682.5,0.5658,307.6,0.3278,0.7951,44.0,0.2916,11.3
e0.1,46246,0.6653,-10154.2,0.70385,1310.4,0.38,0.7668,40.2,0.203,22.1
e0.2,67510,0.5115,-12591.0,0.73452,1713.4,0.4152,0.7412,40.0,0.1648,30.5
e0.3,87517,0.3667,-14458.4,0.73962,2014.3,0.4434,0.7535,41.7,0.1758,38.2
e1.0,108107,0.2177,1613.0,0.69812,1528.0,0.4654,0.7094,39.7,0.1518,47.2
e1.1,130783,0.0536,4235.8,0.67017,2242.8,0.4673,0.7465,38.1,0.1487,56.2
e1.2,152166,0.05,6150.7,0.65369,2162.7,0.4626,0.7527,40.2,0.1674,64.2
e1.3,175034,0.05,7863.6,0.63854,1289.9,0.4544,0.7032,39.0,0.1535,72.8
e2.0,197124,0.05,2885.0,0.57706,1248.7,0.4668,0.6935,39.5,0.1463,8.1
e2.1,220910,0.05,6347.6,0.57504,1701.1,0.4451,0.7297,41.1,0.1682,16.8
e2.2,241505,0.05,8836.7,0.57094,1301.8,0.432,0.727,41.1,0.1795,24.7
e2.3,262551,0.05,12111.8,0.57262,1571.6,0.4368,0.742,41.3,0.1843,32.4
